<?xml version="1.0"?>
<patch_metadata>
<patch_number>12790516</patch_number>
<product>po</product>
<abstract><![CDATA[REQUISITION IMPORT FAILS WITH MULTI_DISTRIBUTION ERROR OR INVALID ACCOUNTS]]></abstract>
<description><![CDATA[***************************************************************
        Patch applicable only for Release R12
***************************************************************


1. Problem Description:
    REQUISITION IMPORT FAILS WITH MULTI_DISTRIBUTION ERROR OR INVALID ACCOUNTS


2. Resolution:
    Requisition Import Successfully loads the multiple distributions

3. Patch Applicable for versions:
     R12 Purchasing.

4. Dependant Applications:
     None.

5. Patch to be applied:
     Server.

6. Patch applicable only when a particular application installed:
     Oracle Purchasing.

7. Pre-patch application steps
 None

8. Post patch application steps
      Bounce the Apache after patch has been applied

9. Successful patch installation checks:
      Check the version of following files
      src/reqimp/pocir.opc -- 120.11.12010000.3]]></description>
<entity_abbreviation>po</entity_abbreviation>
<release>R12</release>
<based_on><![CDATA[B]]></based_on>
<aru_update_date>JUL-27-2011 23:37:15</aru_update_date>
 <manual_steps>
 </manual_steps>
<introducing>
</introducing>
<requires>
</requires>
</patch_metadata>